<?xml version="1.0" encoding="UTF-8"?>
<project-private xmlns="http://www.netbeans.org/ns/project-private/1">
    <editor-bookmarks xmlns="http://www.netbeans.org/ns/editor-bookmarks/2" lastBookmarkId="0"/>
    <open-files xmlns="http://www.netbeans.org/ns/projectui-open-files/2">
        <group>
            <file>file:/D:/DEGREE/SEM%204/Front-End/sabnad/sabnad_group7/src/java/com/api/ConMan.java</file>
            <file>file:/D:/DEGREE/SEM%204/Front-End/sabnad/sabnad_group7/src/java/com/servlet/AddAccount.java</file>
            <file>file:/D:/DEGREE/SEM%204/Front-End/sabnad/sabnad_group7/src/java/com/api/DBApi.java</file>
        </group>
    </open-files>
</project-private>
